team_name,season,matches_played,matches_played_home,matches_played_away,suspended_matches,wins,wins_home,wins_away,draws,draws_home,draws_away,losses,losses_home,losses_away,points_per_game,points_per_game_home,points_per_game_away,league_position,league_position_home,league_position_away,performance_rank,goals_scored,goals_conceded,goal_difference,total_goal_count,total_goal_count_home,total_goal_count_away,goals_scored_home,goals_scored_away,goals_conceded_home,goals_conceded_away,goal_difference_home,goal_difference_away,minutes_per_goal_scored,minutes_per_goal_scored_home,minutes_per_goal_scored_away,minutes_per_goal_conceded,minutes_per_goal_conceded_home,minutes_per_goal_conceded_away,clean_sheets,clean_sheets_home,clean_sheets_away,btts_count,btts_count_home,btts_count_away,fts_count,fts_count_home,fts_count_away,first_team_to_score_count,first_team_to_score_count_home,first_team_to_score_count_away,corners_total,corners_total_home,corners_total_away,cards_total,cards_total_home,cards_total_away,average_possession,average_possession_home,average_possession_away,shots,shots_home,shots_away,shots_on_target,shots_on_target_home,shots_on_target_away,shots_off_target,shots_off_target_home,shots_off_target_away,fouls,fouls_home,fouls_away,goals_scored_half_time,goals_scored_half_time_home,goals_scored_half_time_away,goals_conceded_half_time,goals_conceded_half_time_home,goals_conceded_half_time_away,goal_difference_half_time,goal_difference_half_time_home,goal_difference_half_time_away,leading_at_half_time,leading_at_half_time_home,leading_at_half_time_away,draw_at_half_time,draw_at_half_time_home,draw_at_half_time_away,losing_at_half_time,losing_at_half_time_home,losing_at_half_time_away,points_per_game_half_time,points_per_game_half_time_home,points_per_game_half_time_away,average_total_goals_per_match,average_total_goals_per_match_home,average_total_goals_per_match_away,goals_scored_per_match,goals_scored_per_match_home,goals_scored_per_match_away,goals_conceded_per_match,goals_conceded_per_match_home,goals_conceded_per_match_away,total_goals_per_match_half_time,total_goals_per_match_half_time_home,total_goals_per_match_half_time_away,goals_scored_per_match_half_time,goals_scored_per_match_half_time_home,goals_scored_per_match_half_time_away,goals_conceded_per_match_half_time,goals_conceded_per_match_half_time_home,goals_conceded_per_match_half_time_away,over05_count,over15_count,over25_count,over35_count,over45_count,over55_count,over05_count_home,over15_count_home,over25_count_home,over35_count_home,over45_count_home,over55_count_home,over05_count_away,over15_count_away,over25_count_away,over35_count_away,over45_count_away,over55_count_away,under05_count,under15_count,under25_count,under35_count,under45_count,under55_count,under05_count_home,under15_count_home,under25_count_home,under35_count_home,under45_count_home,under55_count_home,under05_count_away,under15_count_away,under25_count_away,under35_count_away,under45_count_away,under55_count_away,over05_percentage,over15_percentage,over25_percentage,over35_percentage,over45_percentage,over55_percentage,over05_percentage_home,over15_percentage_home,over25_percentage_home,over35_percentage_home,over45_percentage_home,over55_percentage_home,over05_percentage_away,over15_percentage_away,over25_percentage_away,over35_percentage_away,over45_percentage_away,over55_percentage_away,under05_percentage,under15_percentage,under25_percentage,under35_percentage,under45_percentage,under55_percentage,under05_percentage_home,under15_percentage_home,under25_percentage_home,under35_percentage_home,under45_percentage_home,under55_percentage_home,under05_percentage_away,under15_percentage_away,under25_percentage_away,under35_percentage_away,under45_percentage_away,under55_percentage_away,over05_count_half_time,over15_count_half_time,over25_count_half_time,over05_count_half_time_home,over15_count_half_time_home,over25_count_half_time_home,over05_count_half_time_away,over15_count_half_time_away,over25_count_half_time_away,over05_half_time_percentage,over15_half_time_percentage,over25_half_time_percentage,over05_half_time_percentage_home,over15_half_time_percentage_home,over25_half_time_percentage_home,over05_half_time_percentage_away,over15_half_time_percentage_away,over25_half_time_percentage_away,win_percentage,win_percentage_home,win_percentage_away,home_advantage_percentage,clean_sheet_percentage,clean_sheet_percentage_home,clean_sheet_percentage_away,btts_percentage,btts_percentage_home,btts_percentage_away,fts_percentage,fts_percentage_home,fts_percentage_away,first_team_to_score_percentage,first_team_to_score_percentage_home,first_team_to_score_percentage_away,clean_sheet_half_time,clean_sheet_half_time_home,clean_sheet_half_time_away,clean_sheet_half_time_percentage,clean_sheet_half_time_percentage_home,clean_sheet_half_time_percentage_away,fts_half_time,fts_half_time_home,fts_half_time_away,fts_half_time_percentage,fts_half_time_percentage_home,fts_half_time_percentage_away,btts_half_time,btts_half_time_home,btts_half_time_away,btts_half_time_percentage,btts_half_time_percentage_home,btts_half_time_percentage_away,leading_at_half_time_percentage,leading_at_half_time_percentage_home,leading_at_half_time_percentage_away,draw_at_half_time_percentage,draw_at_half_time_percentage_home,draw_at_half_time_percentage_away,losing_at_half_time_percentage,losing_at_half_time_percentage_home,losing_at_half_time_percentage_away,corners_per_match,corners_per_match_home,corners_per_match_away,cards_per_match,cards_per_match_home,cards_per_match_away,over65_corners_percentage,over75_corners_percentage,over85_corners_percentage,over95_corners_percentage,over105_corners_percentage,over115_corners_percentage,over125_corners_percentage,over135_corners_percentage,xg_for_avg_overall,xg_for_avg_home,xg_for_avg_away,xg_against_avg_overall,xg_against_avg_home,xg_against_avg_away,prediction_risk,goals_scored_min_0_to_10,goals_scored_min_11_to_20,goals_scored_min_21_to_30,goals_scored_min_31_to_40,goals_scored_min_41_to_50,goals_scored_min_51_to_60,goals_scored_min_61_to_70,goals_scored_min_71_to_80,goals_scored_min_81_to_90,goals_conceded_min_0_to_10,goals_conceded_min_11_to_20,goals_conceded_min_21_to_30,goals_conceded_min_31_to_40,goals_conceded_min_41_to_50,goals_conceded_min_51_to_60,goals_conceded_min_61_to_70,goals_conceded_min_71_to_80,goals_conceded_min_81_to_90,draw_percentage_overall,draw_percentage_home,draw_percentage_away,loss_percentage_ovearll,loss_percentage_home,loss_percentage_away,over145_corners_percentage,average_attendance_overall,average_attendance_home,average_attendance_away,minutes_per_goal_scored_overall,minutes_per_goal_conceded_overall,highest_goals_scored_home,highest_goals_scored_away,highest_goals_conceded_home,highest_goals_conceded_away,half_time_points_overall,half_time_points_home,half_time_points_away,corners_recorded_matches_num_overall,corners_recorded_matches_num_home,cornersRecorded_matches_away,corners_total_per_match_overall,corners_total_per_match_home,corners_total_per_match_away,corners_against_overall,corners_against_home,corners_against_away,corners_against_per_match_overall,corners_against_per_match_home,corners_against_per_match_away,over65_corners_num_overall,over75_corners_num_overall,over85_corners_num_overall,over95_corners_num_overall,over105_corners_num_overall,over115_corners_num_overall,over125_corners_num_overall,over135_corners_num_overall,over145_corners_num_overall,over65_corners_num_home,over75_corners_num_home,over85_corners_num_home,over95_corners_num_home,over105_corners_num_home,over115_corners_num_home,over125_corners_num_home,over135_corners_num_home,over145_corners_num_home,over65_corners_percentage_home,over75_corners_percentage_home,over85_corners_percentage_home,over95_corners_percentage_home,over105_corners_percentage_home,over115_corners_percentage_home,over125_corners_percentage_home,over135_corners_percentage_home,over145_corners_percentage_home,over65_corners_num_away,over75_corners_num_away,over85_corners_num_away,over95_corners_num_away,over105_corners_num_away,over115_corners_num_away,over125_corners_num_away,over135_corners_num_away,over145_corners_num_away,over65_corners_percentage_away,over75_corners_percentage_away,over85_corners_percentage_away,over95_corners_percentage_away,over105_corners_percentage_away,over115_corners_percentage_away,over125_corners_percentage_away,over135_corners_percentage_away,over145_corners_percentage_away,over25_corners_for_overall,over35_corners_for_overall,over45_corners_for_overall,over55_corners_for_overall,over65_corners_for_overall,over75_corners_for_overall,over85_corners_for_overall,over25_corners_for_percentage_overall,over35_corners_for_percentage_overall,over45_corners_for_percentage_overall,over55_corners_for_percentage_overall,over65_corners_for_percentage_overall,over75_corners_for_percentage_overall,over85_corners_for_percentage_overall,over25_corners_for_home,over35_corners_for_home,over45_corners_for_home,over55_corners_for_home,over65_corners_for_home,over75_corners_for_home,over85_corners_for_home,over25_corners_for_percentage_home,over35_corners_for_percentage_home,over45_corners_for_percentage_home,over55_corners_for_percentage_home,over65_corners_for_percentage_home,over75_corners_for_percentage_home,over85_corners_for_percentage_home,over25_corners_for_away,over35_corners_for_away,over45_corners_for_away,over55_corners_for_away,over65_corners_for_away,over75_corners_for_away,over85_corners_for_away,over25_corners_for_percentage_away,over35_corners_for_percentage_away,over45_corners_for_percentage_away,over55_corners_for_percentage_away,over65_corners_for_percentage_away,over75_corners_for_percentage_away,over85_corners_for_percentage_away,over25_corners_against_overall,over35_corners_against_overall,over45_corners_against_overall,over55_corners_against_overall,over65_corners_against_overall,over75_corners_against_overall,over85_corners_against_overall,over25_corners_against_percentage_overall,over35_corners_against_percentage_overall,over45_corners_against_percentage_overall,over55_corners_against_percentage_overall,over65_corners_against_percentage_overall,over75_corners_against_percentage_overall,over85_corners_against_percentage_overall,over25_corners_against_home,over35_corners_against_home,over45_corners_against_home,over55_corners_against_home,over65_corners_against_home,over75_corners_against_home,over85_corners_against_home,over25_corners_against_percentage_home,over35_corners_against_percentage_home,over45_corners_against_percentage_home,over55_corners_against_percentage_home,over65_corners_against_percentage_home,over75_corners_against_percentage_home,over85_corners_against_percentage_home,over25_corners_against_away,over35_corners_against_away,over45_corners_against_away,over55_corners_against_away,over65_corners_against_away,over75_corners_against_away,over85_corners_against_away,over25_corners_against_percentage_away,over35_corners_against_percentage_away,over45_corners_against_percentage_away,over55_corners_against_percentage_away,over65_corners_against_percentage_away,over75_corners_against_percentage_away,over85_corners_against_percentage_away,cornerTimingRecorded_matches_overall,cornerTimingRecorded_matches_home,cornerTimingRecorded_matches_away,corners_total_fh_overall,corners_total_fh_home,corners_total_fh_away,corners_total_2h_overall,corners_total_2h_home,corners_total_2h_away,corners_total_per_match_fh_overall,corners_total_per_match_fh_home,corners_total_per_match_fh_away,corners_total_per_match_2h_overall,corners_total_per_match_2h_home,corners_total_per_match_2h_away,corners_total_fh_over4_overall,corners_total_fh_over5_overall,corners_total_fh_over6_overall,corners_total_2h_over4_overall,corners_total_2h_over5_overall,corners_total_2h_over6_overall,over05_cards_total_overall,over15_cards_total_overall,over25_cards_total_overall,over35_cards_total_overall,over45_cards_total_overall,over55_cards_total_overall,over65_cards_total_overall,over75_cards_total_overall,over85_cards_total_overall,over05_cards_total_percentage_overall,over15_cards_total_percentage_overall,over25_cards_total_percentage_overall,over35_cards_total_percentage_overall,over45_cards_total_percentage_overall,over55_cards_total_percentage_overall,over65_cards_total_percentage_overall,over75_cards_total_percentage_overall,over85_cards_total_percentage_overall,over05_cards_total_home,over15_cards_total_home,over25_cards_total_home,over35_cards_total_home,over45_cards_total_home,over55_cards_total_home,over65_cards_total_home,over75_cards_total_home,over85_cards_total_home,over05_cards_total_percentage_home,over15_cards_total_percentage_home,over25_cards_total_percentage_home,over35_cards_total_percentage_home,over45_cards_total_percentage_home,over55_cards_total_percentage_home,over65_cards_total_percentage_home,over75_cards_total_percentage_home,over85_cards_total_percentage_home,over05_cards_total_away,over15_cards_total_away,over25_cards_total_away,over35_cards_total_away,over45_cards_total_away,over55_cards_total_away,over65_cards_total_away,over75_cards_total_away,over85_cards_total_away,over05_cards_total_percentage_away,over15_cards_total_percentage_away,over25_cards_total_percentage_away,over35_cards_total_percentage_away,over45_cards_total_percentage_away,over55_cards_total_percentage_away,over65_cards_total_percentage_away,over75_cards_total_percentage_away,over85_cards_total_percentage_away,over05_cards_for_overall,over15_cards_for_overall,over25_cards_for_overall,over35_cards_for_overall,over45_cards_for_overall,over55_cards_for_overall,over65_cards_for_overall,over05_cards_for_percentage_overall,over15_cards_for_percentage_overall,over25_cards_for_percentage_overall,over35_cards_for_percentage_overall,over45_cards_for_percentage_overall,over55_cards_for_percentage_overall,over65_cards_for_percentage_overall,over05_cards_for_home,over15_cards_for_home,over25_cards_for_home,over35_cards_for_home,over45_cards_for_home,over55_cards_for_home,over65_cards_for_home,over05_cards_for_percentage_home,over15_cards_for_percentage_home,over25_cards_for_percentage_home,over35_cards_for_percentage_home,over45_cards_for_percentage_home,over55_cards_for_percentage_home,over65_cards_for_percentage_home,over05_cards_for_away,over15_cards_for_away,over25_cards_for_away,over35_cards_for_away,over45_cards_for_away,over55_cards_for_away,over65_cards_for_away,over05_cards_for_percentage_away,over15_cards_for_percentage_away,over25_cards_for_percentage_away,over35_cards_for_percentage_away,over45_cards_for_percentage_away,over55_cards_for_percentage_away,over65_cards_for_percentage_away,over05_cards_against_overall,over15_cards_against_overall,over25_cards_against_overall,over35_cards_against_overall,over45_cards_against_overall,over55_cards_against_overall,over65_cards_against_overall,over05_cards_against_percentage_overall,over15_cards_against_percentage_overall,over25_cards_against_percentage_overall,over35_cards_against_percentage_overall,over45_cards_against_percentage_overall,over55_cards_against_percentage_overall,over65_cards_against_percentage_overall,over05_cards_against_home,over15_cards_against_home,over25_cards_against_home,over35_cards_against_home,over45_cards_against_home,over55_cards_against_home,over65_cards_against_home,over05_cards_against_percentage_home,over15_cards_against_percentage_home,over25_cards_against_percentage_home,over35_cards_against_percentage_home,over45_cards_against_percentage_home,over55_cards_against_percentage_home,over65_cards_against_percentage_home,over05_cards_against_away,over15_cards_against_away,over25_cards_against_away,over35_cards_against_away,over45_cards_against_away,over55_cards_against_away,over65_cards_against_away,over05_cards_against_percentage_away,over15_cards_against_percentage_away,over25_cards_against_percentage_away,over35_cards_against_percentage_away,over45_cards_against_percentage_away,over55_cards_against_percentage_away,over65_cards_against_percentage_away,firstGoalScoredPercentage_overall,firstGoalScoredPercentage_home,firstGoalScoredPercentage_away,shots_per_match_overall,shots_per_match_home,shots_per_match_away,shots_on_target_per_match_overall,shots_on_target_per_match_home,shots_on_target_per_match_away,shots_off_target_per_match_overall,shots_off_target_per_match_home,shots_off_target_per_match_away,fouls_by_this_team_overall,fouls_by_this_team_home,fouls_by_this_team_away,fouls_per_match_overall,fouls_per_match_home,fouls_per_match_away,offsides_total_overall,offsides_total_home,offsides_total_away,offsides_this_team_overall,offsides_this_team_home,offsides_this_team_away,offsidesRecorded_matches_overall,offsidesRecorded_matches_home,offsidesRecorded_matches_away,offsides_total_per_match_overall,offsides_total_per_match_home,offsides_total_per_match_away,offsides_this_team_per_match_overall,offsides_this_team_per_match_home,offsides_this_team_per_match_away,offsides_total_over05_overall,offsides_total_over15_overall,offsides_total_over25_overall,offsides_total_over35_overall,offsides_total_over45_overall,scoredBothHalves_overall,scoredBothHalves_home,scoredBothHalves_away,scoredBothHalvesPercentage_overall,scoredBothHalvesPercentage_home,scoredBothHalvesPercentage_away,BTTS_both_halves_overall,BTTS_both_halves_home,BTTS_both_halves_away,BTTS_and_win_overall,BTTS_and_win_home,BTTS_and_win_away,BTTS_and_win_percentage_overall,BTTS_and_win_percentage_home,BTTS_and_win_percentage_away,BTTS_and_draw_overall,BTTS_and_draw_home,BTTS_and_draw_away,BTTS_and_draw_percentage_overall,BTTS_and_draw_percentage_home,BTTS_and_draw_percentage_away,BTTS_and_lose_overall,BTTS_and_lose_home,BTTS_and_lose_away,BTTS_and_lose_percentage_overall,BTTS_and_lose_percentage_home,BTTS_and_lose_percentage_away,matches_goal_timings_recorded_overall,matches_goal_timings_recorded_home,matches_goal_timings_recorded_away,total_goals_2h_overall,total_goals_2h_home,total_goals_2h_away,average_total_goals_2h_per_match_overall,average_total_goals_2h_per_match_home,average_total_goals_2h_per_match_away,goals_scored_2h_overall,goals_scored_2h_home,goals_scored_2h_away,goals_scored_2h_per_match_overall,goals_scored_2h_per_match_home,goals_scored_2h_per_match_away,goals_conceded_2h_overall,goals_conceded_2h_home,goals_conceded_2h_away,goals_conceded_2h_per_match_overall,goals_conceded_2h_per_match_home,goals_conceded_2h_per_match_away,over05_2hg_matches_overall,over15_2hg_matches_overall,over25_2hg_matches_overall,over05_2hg_percentage_overall,over15_2hg_percentage_overall,over25_2hg_percentage_overall,points_2h_overall,points_2h_home,points_2h_away,ppg_2h_overall,ppg_2h_home,ppg_2h_away,wins_2h_overall,wins_2h_home,wins_2h_away,wins_2h_percentage_overall,wins_2h_percentage_home,wins_2h_percentage_away,draws_2h_overall,draws_2h_home,draws_2h_away,losses_2h_overall,losses_2h_home,losses_2h_away,btts_2h_overall,btts_2h_home,btts_2h_away,btts_2h_percentage_overall,btts_2h_percentage_home,btts_2h_percentage_away,clean_sheets_2h_overall,clean_sheets_2h_home,clean_sheets_2h_away,failed_to_score_2h_overall,failed_to_score_2h_home,failed_to_score_2h_away
Arsenal FC,2018/2019,38,19,19,0,21,14,7,7,3,4,10,2,8,1.84,2.37,1.32,5,3,8,5,73,51,22,124,58,66,42,31,16,35,26,-4,47,41,55,67,107,49,8,7,1,26,11,15,4,1,3,24,13,11,209,125,84,76,40,36,58,61,56,377,210,167,208,116,92,169,94,75,412,218,194,28,14,14,28,8,20,0,6,-6,11,8,3,17,7,10,10,4,6,1.32,1.63,1,3.26,3.05,3.47,1.92,2.21,1.63,1.34,0.84,1.84,1.47,1.16,1.79,0.74,0.74,0.74,0.74,0.42,1.05,38,34,22,17,9,4,19,18,8,7,4,2,19,16,14,10,5,2,0,4,16,21,29,34,0,1,11,12,15,17,0,3,5,9,14,17,100,89,58,45,24,11,100,95,42,37,21,11,100,84,74,53,26,11,0,11,42,55,76,89,0,5,58,63,79,89,0,16,26,47,74,89,29,17,7,14,6,2,15,11,5,76,45,18,74,32,11,79,58,26,55,74,37,26,21,37,5,68,58,79,11,5,16,63,68,58,19,12,7,50,63,37,15,8,7,39,42,37,13,4,9,34,21,47,29,42,16,45,37,53,26,21,32,5.5,6.58,4.42,2,2.11,1.89,87,82,71,63,47,34,28,13,1.43,1.6,1.25,1.44,1.29,1.6,87,6,9,8,2,8,10,10,7,13,3,7,5,5,9,1,12,1,8,18,16,21,26,11,42,5,49412,59899,38925,47,67,5,5,3,5,50,31,19,38,19,19,10.34,10.95,9.74,184,83,101,4.84,4.37,5.32,33,31,27,24,18,13,11,5,2,18,17,15,14,12,7,6,2,1,95,89,79,74,63,37,32,11,5,15,14,12,10,6,6,5,3,1,79,74,63,53,32,32,26,16,5,32,30,24,17,11,9,5,84,79,63,45,28,24,13,17,17,16,12,8,6,3,89,89,84,63,42,32,16,15,13,8,5,3,3,2,79,68,42,26,16,16,11,33,27,18,12,8,6,4,87,71,47,32,21,16,11,14,10,7,6,4,3,2,74,53,37,32,21,16,11,19,17,11,6,4,3,2,100,89,57,32,21,16,11,38,19,19,197,106,91,196,102,94,5.18,5.58,4.79,5.16,5.37,4.95,24,17,11,24,18,11,36,35,28,23,14,10,6,0,0,95,92,74,61,37,26,16,0,0,18,17,14,13,6,5,4,0,0,95,89,74,68,32,26,21,0,0,18,18,14,10,8,5,2,0,0,95,95,74,53,42,26,11,0,0,32,25,11,6,2,0,0,84,66,28,16,5,0,0,16,14,5,3,2,0,0,84,74,26,16,11,0,0,16,11,6,3,0,0,0,84,57,32,16,0,0,0,33,25,13,5,3,0,0,87,66,34,13,8,0,0,17,13,5,3,2,0,0,89,68,26,16,11,0,0,16,12,8,2,1,0,0,84,63,42,11,5,0,0,63,68,58,9.92,11.05,8.79,5.47,6.11,4.84,4.45,4.95,3.95,412,218,194,10.84,11.47,10.21,183,92,91,89,53,36,38,19,19,4.82,4.84,4.79,2.34,2.79,1.89,38,36,33,28,20,13,8,5,34,42,26,3,0,3,13,7,6,34,37,32,7,3,4,18,16,21,6,1,5,16,5,26,38,19,19,68,36,32,1.79,1.89,1.68,45,28,17,1.18,1.47,0.89,23,8,15,0.61,0.42,0.79,33,19,12,87,50,32,69,43,26,1.82,2.26,1.37,20,13,7,53,68,37,9,4,5,9,2,7,11,5,6,28,26,32,18,12,6,14,4,10
Tottenham Hotspur FC,2018/2019,38,19,19,0,23,12,11,2,2,0,13,5,8,1.87,2,1.74,4,5,3,4,67,39,28,106,50,56,34,33,16,23,18,10,51,50,52,87,107,74,13,7,6,19,9,10,6,3,3,24,13,11,194,102,92,62,21,41,59,61,58,433,236,197,226,124,102,207,112,95,376,175,201,31,13,18,11,5,6,20,8,12,19,9,10,11,5,6,8,5,3,1.79,1.68,1.89,2.79,2.63,2.95,1.76,1.79,1.74,1.03,0.84,1.21,1.11,0.95,1.26,0.82,0.68,0.95,0.29,0.26,0.32,38,27,22,11,4,2,19,12,10,8,1,0,19,15,12,3,3,2,0,11,16,27,34,36,0,7,9,11,18,19,0,4,7,16,16,17,100,71,58,29,11,5,100,63,53,42,5,0,100,79,63,16,16,11,0,29,42,71,89,95,0,37,47,58,95,100,0,21,37,84,84,89,27,9,5,14,3,1,13,6,4,71,24,13,74,16,5,68,32,21,61,63,58,10,34,37,32,50,47,53,16,16,16,63,68,58,27,14,13,71,74,68,19,10,9,50,53,47,3,0,3,8,0,16,50,47,53,29,26,32,21,26,16,5.11,5.37,4.84,1.63,1.11,2.16,87,76,63,50,47,32,28,16,1.58,1.74,1.42,1.35,1.28,1.42,89,6,4,11,5,7,8,8,8,10,3,4,1,2,1,6,4,8,10,5,11,0,34,26,42,11,45931,54216,37645,51,87,5,6,3,4,68,32,36,38,19,19,10.03,9.63,10.42,187,81,106,4.92,4.26,5.58,33,29,24,19,18,12,11,6,4,18,15,13,8,7,3,3,2,0,95,79,68,42,37,16,16,11,0,15,14,11,11,11,9,8,4,4,79,74,57,57,57,47,42,21,21,31,26,23,18,10,7,4,82,68,61,47,26,18,11,17,14,12,10,6,4,1,89,74,63,53,32,21,5,14,12,11,8,4,3,3,74,63,57,42,21,16,16,31,25,18,13,10,6,5,82,66,47,34,26,16,13,15,12,6,5,3,1,1,79,63,32,26,16,5,5,16,13,12,8,7,5,4,84,68,63,42,37,26,21,38,19,19,177,86,91,204,97,107,4.66,4.53,4.79,5.37,5.11,5.63,21,11,7,23,14,11,35,31,25,16,8,5,3,0,0,92,82,66,42,21,13,8,0,0,16,14,11,7,3,2,1,0,0,84,74,57,37,16,11,5,0,0,19,17,14,9,5,3,2,0,0,100,89,74,47,26,16,11,0,0,27,18,9,2,2,1,1,71,47,24,5,5,3,3,10,7,4,0,0,0,0,53,37,21,0,0,0,0,17,11,5,2,2,1,1,89,57,26,11,11,5,5,32,22,8,3,0,0,0,84,57,21,8,0,0,0,15,12,4,2,0,0,0,79,63,21,11,0,0,0,17,10,4,1,0,0,0,89,53,21,5,0,0,0,63,68,58,11.39,12.42,10.37,5.95,6.53,5.37,5.45,5.89,5,376,175,201,9.89,9.21,10.58,181,97,84,74,47,27,38,19,19,4.76,5.11,4.42,1.95,2.47,1.42,38,36,33,27,16,11,7,4,28,37,21,1,0,1,10,5,5,26,26,26,2,2,0,5,11,0,7,2,5,18,11,26,38,19,19,64,32,32,1.68,1.68,1.68,36,21,15,0.95,1.11,0.79,28,11,17,0.74,0.58,0.89,30,22,11,79,57,28,60,38,22,1.58,2,1.16,16,11,5,42,57,26,12,5,7,10,3,7,12,6,6,32,32,32,20,11,9,14,5,9
Manchester City FC,2018/2019,38,19,19,0,32,18,14,2,0,2,4,1,3,2.58,2.84,2.32,1,1,1,1,95,23,72,118,69,49,57,38,12,11,45,27,36,30,45,148,143,155,20,9,11,17,10,7,2,0,2,34,19,15,298,154,144,46,17,29,68,68,68,527,307,220,298,167,131,229,140,89,328,162,166,49,28,21,11,7,4,38,21,17,25,13,12,11,5,6,2,1,1,2.26,2.32,2.21,3.11,3.63,2.58,2.5,3,2,0.61,0.63,0.58,1.58,1.84,1.32,1.29,1.47,1.11,0.29,0.37,0.21,37,31,23,15,7,3,19,16,14,10,5,3,18,15,9,5,2,0,1,7,15,23,31,35,0,3,5,9,14,16,1,4,10,14,17,19,97,82,61,39,18,8,100,84,74,53,26,16,95,79,47,26,11,0,3,18,39,61,82,92,0,16,26,47,74,84,5,21,53,74,89,100,30,16,9,16,10,5,14,6,4,79,42,24,84,53,26,74,32,21,84,95,74,9,53,47,58,45,53,37,5,0,11,89,100,79,28,13,15,74,68,79,9,3,6,24,16,32,9,6,3,24,32,16,66,68,63,29,26,32,5,5,5,7.84,8.11,7.58,1.21,0.89,1.53,79,79,66,57,50,32,28,18,2.18,2.45,1.9,0.79,0.75,0.83,92,12,13,8,9,13,12,12,6,10,0,2,3,3,3,3,4,2,3,5,0,11,11,5,16,5,45914,54130,37698,36,148,6,5,3,2,86,44,42,38,19,19,10,10.16,9.84,82,39,43,2.16,2.05,2.26,30,30,25,22,19,12,11,7,2,14,14,11,11,10,8,7,3,2,74,74,57,57,53,42,37,16,11,16,16,14,11,9,4,4,4,0,84,84,74,57,47,21,21,21,0,34,34,29,28,22,21,18,89,89,76,74,57,55,47,17,17,13,12,11,11,10,89,89,68,63,57,57,53,17,17,16,16,11,10,8,89,89,84,84,57,53,42,14,8,3,1,1,1,0,37,21,8,3,3,3,0,7,5,0,0,0,0,0,37,26,0,0,0,0,0,7,3,3,1,1,1,0,37,16,16,5,5,5,0,38,19,19,211,110,101,169,83,86,5.55,5.79,5.32,4.45,4.37,4.53,28,22,10,16,11,6,32,31,20,12,5,3,1,0,0,84,82,53,32,13,8,3,0,0,16,16,10,4,2,1,0,0,0,84,84,53,21,11,5,0,0,0,16,15,10,8,3,2,1,0,0,84,79,53,42,16,11,5,0,0,25,13,6,2,0,0,0,66,34,16,5,0,0,0,11,3,2,1,0,0,0,57,16,11,5,0,0,0,14,10,4,1,0,0,0,74,53,21,5,0,0,0,31,21,4,2,0,0,0,82,55,11,5,0,0,0,16,12,3,1,0,0,0,84,63,16,5,0,0,0,15,9,1,1,0,0,0,79,47,5,5,0,0,0,89,100,79,13.87,16.16,11.58,7.84,8.79,6.89,6.03,7.37,4.68,328,162,166,8.63,8.53,8.74,160,66,94,98,44,54,38,19,19,4.21,3.47,4.95,2.58,2.32,2.84,36,36,28,20,16,22,14,8,57,74,42,1,1,0,13,9,4,34,47,21,1,0,1,3,0,5,3,1,2,8,5,11,38,19,19,58,34,24,1.53,1.79,1.26,46,29,17,1.21,1.53,0.89,12,5,7,0.32,0.26,0.37,32,18,6,84,47,16,85,49,36,2.24,2.58,1.89,25,15,10,66,79,53,10,4,6,3,0,3,8,5,3,21,26,16,27,14,13,9,2,7
Leicester City FC,2018/2019,38,19,19,0,15,8,7,7,3,4,16,8,8,1.37,1.42,1.32,9,11,7,9,51,48,3,99,44,55,24,27,20,28,4,-1,67,71,63,71,86,61,10,6,4,22,9,13,8,6,2,13,6,7,210,108,102,67,37,30,51,54,48,420,238,182,222,118,104,198,120,78,351,184,167,15,10,5,27,12,15,-12,-2,-10,7,5,2,15,7,8,16,7,9,0.95,1.16,0.74,2.61,2.32,2.89,1.34,1.26,1.42,1.26,1.05,1.47,1.11,1.16,1.05,0.39,0.53,0.26,0.71,0.63,0.79,36,28,19,9,4,2,17,14,9,3,1,0,19,14,10,6,3,2,2,10,19,29,34,36,2,5,10,16,18,19,0,5,9,13,16,17,95,74,50,24,11,5,89,74,47,16,5,0,100,74,53,32,16,11,5,26,50,76,89,95,11,26,53,84,95,100,0,26,47,68,84,89,29,12,1,15,7,0,14,5,1,76,32,3,79,37,0,74,26,5,39,42,37,6,26,32,21,58,47,68,21,32,11,34,32,37,16,9,7,42,47,37,25,11,14,66,58,74,6,3,3,16,16,16,18,26,11,39,37,42,42,37,47,5.53,5.68,5.37,1.76,1.95,1.58,92,84,74,68,57,42,32,21,1.56,1.7,1.4,1.32,1.19,1.45,68,1,4,5,3,4,7,5,8,14,8,5,1,7,6,4,7,1,9,18,16,21,42,42,42,5,34948,31851,38046,67,71,3,4,4,4,36,22,14,38,19,19,10.85,10.15,11.53,202,85,117,5.32,4.47,6.16,35,32,28,26,22,16,12,8,2,17,16,14,12,10,7,4,2,0,89,84,74,63,53,37,21,11,0,18,16,14,14,12,9,8,6,2,95,84,74,74,63,47,42,32,11,32,28,22,17,13,12,7,84,74,57,45,34,32,18,16,14,10,10,7,6,3,84,74,53,53,37,32,16,16,14,12,7,6,6,4,84,74,63,37,32,32,21,30,27,23,18,12,10,7,79,71,61,47,32,26,18,14,11,9,6,5,4,2,74,57,47,32,26,21,11,16,16,14,12,7,6,5,84,84,74,63,37,32,26,38,19,19,216,102,114,196,91,105,5.68,5.37,6,5.16,4.79,5.53,25,20,16,19,11,9,36,35,28,23,14,7,2,0,0,95,92,74,61,37,18,5,0,0,19,18,13,11,9,3,1,0,0,100,95,68,57,47,16,5,0,0,17,17,15,12,5,4,1,0,0,89,89,79,63,26,21,5,0,0,30,22,11,4,0,0,0,79,57,28,11,0,0,0,15,13,6,3,0,0,0,79,68,32,16,0,0,0,15,9,5,1,0,0,0,79,47,26,5,0,0,0,34,25,16,3,1,0,0,89,66,42,8,3,0,0,18,11,7,2,0,0,0,95,57,37,11,0,0,0,16,14,9,1,1,0,0,84,74,47,5,5,0,0,34,32,37,11.05,12.53,9.58,5.84,6.21,5.47,5.21,6.32,4.11,351,184,167,9.24,9.68,8.79,160,71,89,72,38,34,38,19,19,4.21,3.74,4.68,1.89,2,1.79,38,30,27,22,17,8,5,3,21,26,16,0,0,0,7,4,3,18,21,16,5,1,4,13,5,21,10,4,6,26,21,32,38,19,19,57,22,35,1.5,1.16,1.84,36,14,22,0.95,0.74,1.16,21,8,13,0.55,0.42,0.68,30,14,9,79,37,24,71,31,40,1.87,1.63,2.11,20,8,12,53,42,63,11,7,4,7,4,3,11,3,8,28,16,42,22,13,9,13,9,4
Crystal Palace FC,2018/2019,38,19,19,0,14,5,9,7,5,2,17,9,8,1.29,1.05,1.53,12,18,6,12,51,53,-2,104,42,62,19,32,23,30,-4,2,67,90,54,65,74,57,12,7,5,19,7,12,11,8,3,18,7,11,205,130,75,62,27,35,45,47,43,392,222,170,184,94,90,208,128,80,386,180,206,20,8,12,13,6,7,7,2,5,16,6,10,14,8,6,8,5,3,1.63,1.37,1.89,2.74,2.21,3.26,1.34,1,1.68,1.39,1.21,1.58,0.87,0.74,1,0.53,0.42,0.63,0.34,0.32,0.37,34,28,17,13,7,2,16,12,6,4,1,1,18,16,11,9,6,1,4,10,21,25,31,36,3,7,13,15,18,18,1,3,8,10,13,18,89,74,45,34,18,5,84,63,32,21,5,5,95,84,58,47,32,5,11,26,55,66,82,95,16,37,68,79,95,95,5,16,42,53,68,95,24,4,4,11,1,1,13,3,3,63,11,11,58,5,5,68,16,16,37,26,47,-6,32,37,26,50,37,63,29,42,16,47,37,58,27,13,14,71,68,74,22,13,9,58,68,47,3,1,2,8,5,11,42,32,53,37,42,32,21,26,16,5.39,6.84,3.95,1.63,1.42,1.84,95,92,79,71,61,42,37,18,1.36,1.51,1.2,1.53,1.31,1.75,76,1,3,3,10,5,3,7,8,11,1,2,3,4,7,9,8,8,11,18,26,11,45,47,42,11,32193,25455,38932,67,65,5,4,3,4,62,26,36,38,19,19,11.07,11.37,10.79,216,86,130,5.68,4.53,6.84,36,35,30,27,23,16,14,7,4,19,18,15,14,12,9,7,5,2,100,95,79,74,63,47,37,26,11,17,17,15,13,11,7,7,2,2,89,89,79,68,57,37,37,11,11,34,25,22,14,11,9,7,89,66,57,37,28,24,18,18,17,15,12,9,7,6,95,89,79,63,47,37,32,16,8,7,2,2,2,1,84,42,37,11,11,11,5,34,30,22,17,14,12,7,89,79,57,45,37,32,18,15,14,8,6,4,2,2,79,74,42,32,21,11,11,19,16,14,11,10,10,5,100,84,74,57,53,53,26,38,19,19,181,88,93,240,128,112,4.76,4.63,4.89,6.32,6.74,5.89,22,12,8,29,23,17,35,32,27,13,11,6,3,0,0,92,84,71,34,28,16,8,0,0,17,16,11,6,5,2,1,0,0,89,84,57,32,26,11,5,0,0,18,16,16,7,6,4,2,0,0,95,84,84,37,32,21,11,0,0,32,19,8,3,0,0,0,84,50,21,8,0,0,0,15,8,4,0,0,0,0,79,42,21,0,0,0,0,17,11,4,3,0,0,0,89,57,21,16,0,0,0,30,16,11,7,1,0,0,79,42,28,18,3,0,0,14,7,6,3,1,0,0,74,37,32,16,5,0,0,16,9,5,4,0,0,0,84,47,26,21,0,0,0,47,37,58,10.32,11.68,8.95,4.84,4.95,4.74,5.47,6.74,4.21,386,180,206,10.16,9.47,10.84,139,75,64,78,47,31,38,19,19,3.66,3.95,3.37,2.05,2.47,1.63,37,33,25,18,12,12,4,8,32,21,42,3,1,2,6,1,5,16,5,26,3,2,1,8,11,5,10,4,6,26,21,32,38,19,19,71,28,43,1.87,1.47,2.26,31,11,20,0.82,0.58,1.05,40,17,23,1.05,0.89,1.21,32,21,11,84,55,28,42,18,24,1.11,0.95,1.26,10,4,6,26,21,32,12,6,6,16,9,7,15,5,10,39,26,53,14,8,6,15,10,5
Everton FC,2018/2019,38,19,19,0,15,10,5,9,4,5,14,5,9,1.42,1.79,1.05,8,7,12,8,54,46,8,100,51,49,30,24,21,25,9,-1,63,57,71,74,81,68,14,9,5,17,8,9,10,3,7,20,12,8,215,119,96,63,24,39,52,54,50,396,213,183,207,104,103,189,109,80,432,218,214,25,14,11,17,11,6,8,3,5,10,5,5,21,10,11,7,4,3,1.34,1.32,1.37,2.63,2.68,2.58,1.42,1.58,1.26,1.21,1.11,1.32,1.11,1.32,0.89,0.66,0.74,0.58,0.45,0.58,0.32,35,28,18,12,3,2,18,15,8,6,1,1,17,13,10,6,2,1,3,10,20,26,35,36,1,4,11,13,18,18,2,6,9,13,17,18,92,74,47,32,8,5,95,79,42,32,5,5,89,68,53,32,11,5,8,26,53,68,92,95,5,21,58,68,95,95,11,32,47,68,89,95,22,14,4,12,9,3,10,5,1,58,37,11,63,47,16,53,26,5,39,53,26,10,37,47,26,45,42,47,26,16,37,53,63,42,25,12,13,66,63,68,20,8,12,53,42,63,9,6,3,24,32,16,26,26,26,55,53,58,18,21,16,5.66,6.26,5.05,1.66,1.26,2.05,92,79,74,66,47,39,24,16,1.45,1.55,1.35,1.25,1.19,1.31,68,5,8,5,5,4,5,8,6,8,2,2,3,6,9,5,10,5,4,24,21,26,37,26,47,11,38883,39043,38722,63,74,4,5,6,3,51,25,26,38,19,19,10.37,10.1,10.63,179,73,106,4.71,3.84,5.58,35,30,28,25,18,15,9,6,4,16,13,13,12,9,7,5,4,3,84,68,68,63,47,37,26,21,16,19,17,15,13,9,8,4,2,1,100,89,79,68,47,42,21,11,5,31,27,21,18,12,10,9,82,71,55,47,32,26,24,17,14,12,10,7,6,5,89,74,63,53,37,32,26,14,13,9,8,5,4,4,74,68,47,42,26,21,21,30,25,22,15,9,5,1,79,66,57,39,24,13,3,12,10,8,5,2,1,1,63,53,42,26,11,5,5,18,15,14,10,7,4,0,95,79,74,53,37,21,0,38,19,19,171,85,86,222,107,115,4.5,4.47,4.53,5.84,5.63,6.05,17,10,4,25,20,16,38,37,28,17,12,6,4,0,0,100,97,74,45,32,16,11,0,0,19,18,13,8,6,2,1,0,0,100,95,68,42,32,11,5,0,0,19,19,15,9,6,4,3,0,0,100,100,79,47,32,21,16,0,0,30,16,9,4,3,1,0,79,42,24,11,8,3,0,12,6,4,1,1,0,0,63,32,21,5,5,0,0,18,10,5,3,2,1,0,95,53,26,16,11,5,0,34,24,12,6,3,0,0,89,63,32,16,8,0,0,18,11,7,4,3,0,0,95,57,37,21,16,0,0,16,13,5,2,0,0,0,84,68,26,11,0,0,0,53,63,42,10.42,11.21,9.63,5.45,5.47,5.42,4.97,5.74,4.21,432,218,214,11.37,11.47,11.26,154,70,84,69,35,34,38,19,19,4.05,3.68,4.42,1.82,1.84,1.79,37,34,29,22,16,8,4,4,21,21,21,2,1,1,4,2,2,11,11,11,6,3,3,16,16,16,7,3,4,18,16,21,38,19,19,58,26,32,1.53,1.37,1.68,29,16,13,0.76,0.84,0.68,29,10,19,0.76,0.53,1,29,19,8,76,50,21,45,26,19,1.18,1.37,1,11,7,4,28,37,21,12,5,7,15,7,8,8,2,6,21,11,32,19,12,7,20,10,10
Burnley FC,2018/2019,38,19,19,0,11,7,4,7,2,5,20,10,10,1.05,1.21,0.89,15,15,14,15,45,68,-23,113,56,57,24,21,32,36,-8,-15,76,71,81,50,54,48,8,5,3,21,11,10,12,3,9,13,8,5,140,80,60,77,33,44,41,42,39,309,177,132,150,85,65,159,92,67,360,185,175,24,14,10,29,12,17,-5,2,-7,9,7,2,17,7,10,12,5,7,1.16,1.47,0.84,2.97,2.95,3,1.18,1.26,1.11,1.79,1.68,1.89,1.39,1.37,1.42,0.63,0.74,0.53,0.76,0.63,0.89,35,31,22,16,5,4,19,17,11,7,1,1,16,14,11,9,4,3,3,7,16,22,33,34,0,2,8,12,18,18,3,5,8,10,15,16,92,82,58,42,13,11,100,89,58,37,5,5,84,74,58,47,21,16,8,18,42,58,87,89,0,11,42,63,95,95,16,26,42,53,79,84,26,16,7,14,8,3,12,8,4,68,42,18,74,42,16,63,42,21,29,37,21,7,21,26,16,55,58,53,32,16,47,34,42,26,19,11,8,50,58,42,20,8,12,53,42,63,11,5,6,29,26,32,24,37,11,45,37,53,32,26,37,3.68,4.21,3.16,2.03,1.74,2.32,89,82,74,63,50,34,18,8,0.9,1.01,0.78,1.67,1.46,1.89,79,5,5,3,8,3,5,4,4,8,7,10,6,5,4,7,10,4,15,18,11,26,53,53,53,0,29307,20534,38080,76,50,4,3,5,5,44,28,16,38,19,19,10.13,9.68,10.58,245,104,141,6.45,5.47,7.42,34,31,28,24,19,13,7,3,0,16,14,12,10,8,6,3,1,0,84,74,63,53,42,32,16,5,0,18,17,16,14,11,7,4,2,0,95,89,84,74,57,37,21,11,0,24,18,13,7,6,3,1,63,47,34,18,16,8,3,13,12,9,4,4,3,1,68,63,47,21,21,16,5,11,6,4,3,2,0,0,57,32,21,16,11,0,0,34,32,29,22,18,15,10,89,84,76,57,47,39,26,17,16,14,8,5,3,2,89,84,74,42,26,16,11,17,16,15,14,13,12,8,89,84,79,74,68,63,42,38,19,19,170,73,97,215,111,104,4.47,3.84,5.11,5.66,5.84,5.47,19,11,7,30,20,11,38,35,25,19,11,8,3,0,0,100,92,66,50,28,21,8,0,0,19,17,13,10,6,5,1,0,0,100,89,68,53,32,26,5,0,0,19,18,12,9,5,3,2,0,0,100,95,63,47,26,16,11,0,0,35,21,11,6,3,1,0,92,55,28,16,8,3,0,18,9,3,2,1,0,0,95,47,16,11,5,0,0,17,12,8,4,2,1,0,89,63,42,21,11,5,0,32,20,6,4,1,0,0,84,53,16,11,3,0,0,16,11,6,4,1,0,0,84,57,32,21,5,0,0,16,9,0,0,0,0,0,84,47,0,0,0,0,0,34,42,26,8.13,9.32,6.95,3.95,4.47,3.42,4.18,4.84,3.53,360,185,175,9.47,9.74,9.21,152,72,80,106,51,55,38,19,19,4,3.79,4.21,2.79,2.68,2.89,37,36,28,17,13,8,3,5,21,16,26,2,0,2,6,2,4,16,11,21,4,2,2,11,11,11,11,7,4,28,37,21,38,19,19,60,30,30,1.58,1.58,1.58,21,10,11,0.55,0.53,0.58,39,20,19,1.03,1.05,1,27,16,12,71,42,32,37,18,19,0.97,0.95,1,8,4,4,21,21,21,13,6,7,17,9,8,11,5,6,28,26,32,16,8,8,22,11,11
Southampton FC,2018/2019,38,19,19,0,9,5,4,12,8,4,17,6,11,1.03,1.21,0.84,16,14,15,16,45,65,-20,110,57,53,27,18,30,35,-3,-17,76,63,95,53,57,49,7,3,4,25,15,10,10,3,7,20,12,8,194,101,93,77,43,34,43,43,44,383,207,176,200,108,92,183,99,84,420,219,201,22,14,8,30,13,17,-8,1,-9,10,6,4,15,8,7,13,5,8,1.18,1.37,1,2.89,3,2.79,1.18,1.42,0.95,1.71,1.58,1.84,1.37,1.42,1.32,0.58,0.74,0.42,0.79,0.68,0.89,34,32,23,13,5,2,17,17,13,7,2,1,17,15,10,6,3,1,4,6,15,25,33,36,2,2,6,12,17,18,2,4,9,13,16,18,89,84,61,34,13,5,89,89,68,37,11,5,89,79,53,32,16,5,11,16,39,66,87,95,11,11,32,63,89,95,11,21,47,68,84,95,25,15,8,13,7,5,12,8,3,66,39,21,68,37,26,63,42,16,24,26,21,14,18,16,21,66,79,53,26,16,37,53,63,42,21,10,11,55,53,58,22,9,13,58,47,68,8,6,2,21,32,11,26,32,21,39,42,37,34,26,42,5.11,5.32,4.89,2.03,2.26,1.79,95,84,79,68,53,37,32,16,1.35,1.44,1.26,1.47,1.36,1.58,76,3,8,4,3,7,7,3,5,5,5,6,6,7,6,12,5,4,14,32,42,21,45,32,58,8,33710,30083,37338,76,53,3,3,3,6,45,26,19,38,19,19,10.74,10.9,10.57,214,106,108,5.63,5.58,5.68,36,32,30,26,20,14,12,6,3,18,17,16,14,12,8,6,1,1,95,89,84,74,63,42,32,5,5,18,15,14,12,8,6,6,5,2,95,79,74,63,42,32,32,26,11,33,29,19,15,13,5,3,87,76,50,39,34,13,8,17,14,9,9,9,4,2,89,74,47,47,47,21,11,16,15,10,6,4,1,1,84,79,53,32,21,5,5,33,29,24,19,13,10,5,87,76,63,50,34,26,13,17,14,12,8,5,5,3,89,74,63,42,26,26,16,16,15,12,11,8,5,2,84,79,63,57,42,26,11,38,19,19,180,94,86,227,112,115,4.74,4.95,4.53,5.97,5.89,6.05,20,11,5,30,22,15,36,32,26,20,14,8,3,0,0,95,84,68,53,37,21,8,0,0,19,15,14,12,9,7,2,0,0,100,79,74,63,47,37,11,0,0,17,17,12,8,5,1,1,0,0,89,89,63,42,26,5,5,0,0,32,25,12,5,2,1,0,84,66,32,13,5,3,0,15,14,8,4,1,1,0,79,74,42,21,5,5,0,17,11,4,1,1,0,0,89,57,21,5,5,0,0,31,17,10,4,1,0,0,82,45,26,11,3,0,0,17,9,7,3,0,0,0,89,47,37,16,0,0,0,14,8,3,1,1,0,0,74,42,16,5,5,0,0,53,63,42,10.08,10.89,9.26,5.26,5.68,4.84,4.82,5.21,4.42,420,219,201,11.05,11.53,10.58,149,66,83,61,29,32,38,19,19,3.92,3.47,4.37,1.61,1.53,1.68,36,34,25,22,13,7,4,3,18,21,16,3,2,1,6,4,2,16,21,11,8,6,2,21,32,11,11,5,6,28,26,32,38,19,19,58,30,28,1.53,1.58,1.47,23,13,10,0.61,0.68,0.53,35,17,18,0.92,0.89,0.95,29,20,8,76,53,21,38,21,17,1,1.11,0.89,8,5,3,21,26,16,14,6,8,16,8,8,13,7,6,34,37,32,15,8,7,19,9,10
AFC Bournemouth,2018/2019,38,19,19,0,13,8,5,6,5,1,19,6,13,1.18,1.53,0.84,14,10,16,14,56,70,-14,126,55,71,30,26,25,45,5,-19,61,57,66,49,68,38,10,6,4,17,10,7,12,4,8,15,11,4,191,96,95,62,38,24,47,46,48,375,191,184,200,100,100,175,91,84,340,188,152,28,15,13,33,10,23,-5,5,-10,11,6,5,13,10,3,14,3,11,1.21,1.47,0.95,3.32,2.89,3.74,1.47,1.58,1.37,1.84,1.32,2.37,1.61,1.32,1.89,0.74,0.79,0.68,0.87,0.53,1.21,37,34,24,16,8,5,18,15,11,7,2,2,19,19,13,9,6,3,1,4,14,22,30,33,1,4,8,12,17,17,0,0,6,10,13,16,97,89,63,42,21,13,95,79,58,37,11,11,100,100,68,47,32,16,3,11,37,58,79,87,5,21,42,63,89,89,0,0,32,53,68,84,29,16,11,12,6,4,17,10,7,76,42,29,63,32,21,89,53,37,34,42,26,18,26,32,21,45,53,37,32,21,42,39,58,21,18,12,6,47,63,32,18,9,9,47,47,47,11,5,6,29,26,32,29,32,26,34,53,16,37,16,58,5.03,5.05,5,1.63,2,1.26,89,84,76,71,55,45,32,18,1.35,1.34,1.35,1.48,1.47,1.49,79,3,7,4,7,10,4,3,7,11,4,8,7,11,7,8,8,6,11,16,26,5,50,32,68,11,24718,10532,38904,61,49,4,5,4,5,46,28,18,38,19,19,10.95,10.84,11.05,225,110,115,5.92,5.79,6.05,34,32,29,27,21,17,12,7,4,16,16,15,14,10,8,5,4,2,84,84,79,74,53,42,26,21,11,18,16,14,13,11,9,7,3,2,95,84,74,68,57,47,37,16,11,34,28,20,15,9,6,5,89,74,53,39,24,16,13,17,13,10,9,4,3,3,89,68,53,47,21,16,16,17,15,10,6,5,3,2,89,79,53,32,26,16,11,36,32,27,22,13,9,4,95,84,71,57,34,24,11,17,15,13,11,6,4,1,89,79,68,57,32,21,5,19,17,14,11,7,5,3,100,89,74,57,37,26,16,38,19,19,178,86,92,238,120,118,4.68,4.53,4.84,6.26,6.32,6.21,21,16,8,29,23,17,37,35,32,22,15,10,8,0,0,97,92,84,57,39,26,21,0,0,19,17,16,12,10,7,6,0,0,100,89,84,63,53,37,32,0,0,18,18,16,10,5,3,2,0,0,95,95,84,53,26,16,11,0,0,32,19,7,4,0,0,0,84,50,18,11,0,0,0,18,11,6,3,0,0,0,95,57,32,16,0,0,0,14,8,1,1,0,0,0,74,42,5,5,0,0,0,35,29,17,12,6,2,1,92,76,45,32,16,5,3,18,14,9,6,3,1,1,95,74,47,32,16,5,5,17,15,8,6,3,1,0,89,79,42,32,16,5,0,39,58,21,9.87,10.05,9.68,5.26,5.26,5.26,4.61,4.79,4.42,340,188,152,8.95,9.89,8,141,81,60,57,34,23,38,19,19,3.71,4.26,3.16,1.5,1.79,1.21,36,32,28,22,12,10,4,6,26,21,32,2,0,2,4,3,1,11,16,5,5,4,1,13,21,5,8,3,5,21,16,26,38,19,19,65,30,35,1.71,1.58,1.84,28,15,13,0.74,0.79,0.68,37,15,22,0.97,0.79,1.16,34,18,9,89,47,24,40,23,17,1.05,1.21,0.89,11,6,5,28,32,26,7,5,2,20,8,12,6,4,2,16,21,11,14,8,6,22,10,12
Manchester United FC,2018/2019,38,19,19,0,19,10,9,9,6,3,10,3,7,1.74,1.89,1.58,6,6,4,6,65,54,11,119,58,61,33,32,25,29,8,3,53,52,54,63,68,59,7,2,5,26,14,12,7,5,2,20,10,10,200,116,84,81,34,47,55,56,53,434,235,199,263,145,118,171,90,81,433,213,220,35,16,19,23,7,16,12,9,3,17,9,8,12,7,5,9,3,6,1.66,1.79,1.53,3.13,3.05,3.21,1.71,1.74,1.68,1.42,1.32,1.53,1.53,1.21,1.84,0.92,0.84,1,0.61,0.37,0.84,36,34,26,16,6,1,17,17,13,7,4,0,19,17,13,9,2,1,2,4,12,22,32,37,2,2,6,12,15,19,0,2,6,10,17,18,95,89,68,42,16,3,89,89,68,37,21,0,100,89,68,47,11,5,5,11,32,58,84,97,11,11,32,63,79,100,0,11,32,53,89,95,32,17,5,14,6,2,18,11,3,84,45,13,74,32,11,95,58,16,50,53,47,5,18,11,26,68,74,63,18,26,11,53,53,53,21,13,8,55,68,42,14,8,6,37,42,32,9,3,6,24,16,32,45,47,42,32,37,26,24,16,32,5.26,6.11,4.42,2.13,1.79,2.47,92,82,63,53,47,37,28,18,1.63,1.77,1.48,1.44,1.34,1.54,76,5,6,9,9,7,6,5,8,10,3,6,9,1,7,7,7,7,7,24,32,16,26,16,37,8,56241,74498,37983,53,63,4,5,3,4,63,34,29,38,19,19,10.15,10.64,9.68,186,86,100,4.89,4.53,5.26,35,31,24,20,18,14,11,7,3,18,16,13,11,10,9,7,4,2,95,84,68,57,53,47,37,21,11,17,15,11,9,8,5,4,3,1,89,79,57,47,42,26,21,16,5,30,26,22,14,11,9,7,79,68,57,37,28,24,18,17,14,12,9,7,7,6,89,74,63,47,37,37,32,13,12,10,5,4,2,1,68,63,53,26,21,11,5,33,25,20,11,8,4,4,87,66,53,28,21,11,11,16,12,9,5,3,1,1,84,63,47,26,16,5,5,17,13,11,6,5,3,3,89,68,57,32,26,16,16,38,19,19,195,106,89,191,96,95,5.13,5.58,4.68,5.03,5.05,5,23,16,11,21,17,10,38,36,28,20,13,7,5,0,0,100,95,74,53,34,18,13,0,0,19,18,15,10,4,2,0,0,0,100,95,79,53,21,11,0,0,0,19,18,13,10,9,5,5,0,0,100,95,68,53,47,26,26,0,0,38,23,12,6,2,0,0,100,61,32,16,5,0,0,19,10,4,1,0,0,0,100,53,21,5,0,0,0,19,13,8,5,2,0,0,100,68,42,26,11,0,0,34,21,10,3,0,0,0,89,55,26,8,0,0,0,17,11,6,0,0,0,0,89,57,32,0,0,0,0,17,10,4,3,0,0,0,89,53,21,16,0,0,0,53,53,53,11.42,12.37,10.47,6.92,7.63,6.21,4.5,4.74,4.26,433,213,220,11.39,11.21,11.58,162,93,69,90,55,35,38,19,19,4.26,4.89,3.63,2.37,2.89,1.84,36,34,28,22,20,13,8,5,34,42,26,1,1,0,14,10,4,37,53,21,7,4,3,18,21,16,5,0,5,13,0,26,38,19,19,61,35,26,1.61,1.84,1.37,30,17,13,0.79,0.89,0.68,31,18,13,0.82,0.95,0.68,31,20,8,82,53,21,48,22,26,1.26,1.16,1.37,11,4,7,28,21,37,15,10,5,12,5,7,13,9,4,34,47,21,14,5,9,18,8,10
Liverpool FC,2018/2019,38,19,19,0,30,17,13,7,2,5,1,0,1,2.55,2.79,2.32,2,2,2,2,89,22,67,111,65,46,55,34,10,12,45,22,38,31,50,155,170,143,21,12,9,17,7,10,3,1,2,28,15,13,249,133,116,41,15,26,62,64,61,472,267,205,264,145,119,208,122,86,315,149,166,38,26,12,10,5,5,28,21,7,21,13,8,14,5,9,3,1,2,2.03,2.32,1.74,2.92,3.42,2.42,2.34,2.89,1.79,0.58,0.53,0.63,1.26,1.63,0.89,1,1.37,0.63,0.26,0.26,0.26,35,31,21,13,7,3,18,16,12,9,6,3,17,15,9,4,1,0,3,7,17,25,31,35,1,3,7,10,13,16,2,4,10,15,18,19,92,82,55,34,18,8,95,84,63,47,32,16,89,79,47,21,5,0,8,18,45,66,82,92,5,16,37,53,68,84,11,21,53,79,95,100,28,13,5,16,9,4,12,4,1,74,34,13,84,47,21,63,21,5,79,89,68,17,55,63,47,45,37,53,8,5,11,74,79,68,28,14,14,74,74,74,13,4,9,34,21,47,7,4,3,18,21,16,55,68,42,37,26,47,8,5,11,6.55,7,6.11,1.08,0.79,1.37,89,87,68,55,39,28,21,8,1.9,2.12,1.67,0.96,0.85,1.06,63,6,10,11,4,12,7,12,8,19,2,2,2,3,1,2,3,3,4,18,11,26,3,0,5,5,46192,52983,39401,38,155,5,4,3,2,77,44,33,38,19,19,9.89,10,9.79,127,57,70,3.34,3,3.68,34,33,26,21,15,11,8,3,2,18,18,13,10,7,5,4,1,1,95,95,68,53,37,26,21,5,5,16,15,13,11,8,6,4,2,1,84,79,68,57,42,32,21,11,5,36,35,29,23,20,14,8,95,92,76,61,53,37,21,18,18,16,13,11,9,4,95,95,84,68,57,47,21,18,17,13,10,9,5,4,95,89,68,53,47,26,21,24,17,12,4,1,0,0,63,45,32,11,3,0,0,12,7,4,1,0,0,0,63,37,21,5,0,0,0,12,10,8,3,1,0,0,63,53,42,16,5,0,0,38,19,19,152,87,65,224,103,121,4,4.58,3.42,5.89,5.42,6.37,15,8,5,26,19,15,32,29,15,9,4,2,0,0,0,84,76,39,24,11,5,0,0,0,16,14,7,4,1,0,0,0,0,84,74,37,21,5,0,0,0,0,16,15,8,5,3,2,0,0,0,84,79,42,26,16,11,0,0,0,25,12,3,1,0,0,0,66,32,8,3,0,0,0,10,4,1,0,0,0,0,53,21,5,0,0,0,0,15,8,2,1,0,0,0,79,42,11,5,0,0,0,28,16,5,1,0,0,0,74,42,13,3,0,0,0,15,10,2,0,0,0,0,79,53,11,0,0,0,0,13,6,3,1,0,0,0,68,32,16,5,0,0,0,74,79,68,12.42,14.05,10.79,6.95,7.63,6.26,5.47,6.42,4.53,315,149,166,8.29,7.84,8.74,201,97,104,77,38,39,38,19,19,5.29,5.11,5.47,2.03,2,2.05,38,38,37,34,23,19,12,7,50,63,37,2,1,1,12,6,6,32,32,32,4,1,3,11,5,16,1,0,1,3,0,5,38,19,19,63,34,29,1.66,1.79,1.53,51,29,22,1.34,1.53,1.16,12,5,7,0.32,0.26,0.37,30,20,8,79,53,21,83,47,36,2.18,2.47,1.89,23,14,9,61,74,47,14,5,9,1,0,1,10,4,6,26,21,32,27,15,12,9,4,5
Chelsea FC,2018/2019,38,19,19,0,21,12,9,9,6,3,8,1,7,1.89,2.21,1.58,3,4,5,3,63,39,24,102,51,51,39,24,12,27,27,-3,54,44,71,87,143,63,16,10,6,16,8,8,10,3,7,21,13,8,215,120,95,49,20,29,64,64,63,446,242,204,236,137,99,210,105,105,339,154,185,27,16,11,17,6,11,10,10,0,15,9,6,20,10,10,3,0,3,1.71,1.95,1.47,2.68,2.68,2.68,1.66,2.05,1.26,1.03,0.63,1.42,1.16,1.16,1.16,0.71,0.84,0.58,0.45,0.32,0.58,34,32,21,10,4,1,17,16,9,6,3,0,17,16,12,4,1,1,4,6,17,28,34,37,2,3,10,13,16,19,2,3,7,15,18,18,89,84,55,26,11,3,89,84,47,32,16,0,89,84,63,21,5,5,11,16,45,74,89,97,11,16,53,68,84,100,11,16,37,79,95,95,23,13,5,12,5,3,11,8,2,61,34,13,63,26,16,58,42,11,55,63,47,31,42,53,32,42,42,42,26,16,37,55,68,42,28,15,13,74,79,68,18,7,11,47,37,58,7,4,3,18,21,16,39,47,32,53,53,53,8,0,16,5.66,6.32,5,1.29,1.05,1.53,84,74,61,42,34,24,18,8,1.71,1.86,1.57,1.14,1.03,1.25,66,3,7,5,6,7,8,6,6,15,3,6,3,3,5,9,3,4,3,24,32,16,21,5,37,3,39337,40441,38232,54,87,5,4,2,6,65,37,28,38,19,19,9.37,10.11,8.63,141,72,69,3.71,3.79,3.63,32,28,23,16,13,9,7,3,1,16,16,13,11,9,7,6,2,0,84,84,68,57,47,37,32,11,0,16,12,10,5,4,2,1,1,1,84,63,53,26,21,11,5,5,5,33,33,24,16,13,7,5,87,87,63,42,34,18,13,17,17,14,10,9,5,4,89,89,74,53,47,26,21,16,16,10,6,4,2,1,84,84,53,32,21,11,5,25,20,11,6,2,2,2,66,53,28,16,5,5,5,11,10,7,4,1,1,1,57,53,37,21,5,5,5,14,10,4,2,1,1,1,74,53,21,11,5,5,5,38,19,19,161,79,82,195,113,82,4.24,4.16,4.32,5.13,5.95,4.32,14,9,5,22,13,11,35,28,21,11,8,5,3,0,0,92,74,55,28,21,13,8,0,0,16,14,8,4,3,2,2,0,0,84,74,42,21,16,11,11,0,0,19,14,13,7,5,3,1,0,0,100,74,68,37,26,16,5,0,0,27,16,4,2,0,0,0,71,42,11,5,0,0,0,11,7,1,1,0,0,0,57,37,5,5,0,0,0,16,9,3,1,0,0,0,84,47,16,5,0,0,0,29,18,8,5,2,1,0,76,47,21,13,5,3,0,15,8,3,2,1,0,0,79,42,16,11,5,0,0,14,10,5,3,1,1,0,74,53,26,16,5,5,0,55,68,42,11.74,12.74,10.74,6.21,7.21,5.21,5.53,5.53,5.53,339,154,185,8.92,8.11,9.74,160,79,81,83,43,40,38,19,19,4.21,4.16,4.26,2.18,2.26,2.11,36,34,29,19,13,14,10,4,37,53,21,0,0,0,9,4,5,24,21,26,5,4,1,13,21,5,2,0,2,5,0,11,38,19,19,58,29,29,1.53,1.53,1.53,36,23,13,0.95,1.21,0.68,22,6,16,0.58,0.32,0.84,30,19,8,79,50,21,67,40,27,1.76,2.11,1.42,19,12,7,50,63,37,10,4,6,9,3,6,6,3,3,16,16,16,24,14,10,16,5,11
West Ham United FC,2018/2019,38,19,19,0,15,9,6,7,4,3,16,6,10,1.37,1.63,1.11,10,9,11,10,52,55,-3,107,59,48,32,20,27,28,5,-8,66,54,86,62,63,61,7,4,3,18,10,8,14,6,8,17,9,8,188,108,80,61,28,33,49,49,48,365,204,161,194,107,87,171,97,74,331,165,166,22,12,10,24,13,11,-2,-1,-1,12,6,6,13,7,6,13,6,7,1.29,1.32,1.26,2.82,3.11,2.53,1.37,1.68,1.05,1.45,1.42,1.47,1.21,1.32,1.11,0.58,0.63,0.53,0.63,0.68,0.58,37,31,19,13,4,2,18,15,11,9,3,2,19,16,8,4,1,0,1,7,19,25,34,36,1,4,8,10,16,17,0,3,11,15,18,19,97,82,50,34,11,5,95,79,58,47,16,11,100,84,42,21,5,0,3,18,50,66,89,95,5,21,42,53,84,89,0,16,58,79,95,100,28,14,4,14,8,3,14,6,1,74,37,11,74,42,16,74,32,5,39,47,32,13,18,21,16,47,53,42,37,32,42,45,47,42,20,10,10,53,53,53,22,10,12,58,53,63,6,4,2,16,21,11,32,32,32,34,37,32,34,32,37,4.95,5.68,4.21,1.61,1.47,1.74,89,84,76,57,42,34,28,21,1.35,1.48,1.22,1.55,1.31,1.78,63,3,6,6,5,6,3,10,6,7,5,6,6,3,6,7,5,6,11,18,21,16,42,32,53,5,48075,58493,37657,66,62,4,4,4,4,49,25,24,38,19,19,10.4,10.84,9.95,207,98,109,5.45,5.16,5.74,34,32,29,22,16,13,11,8,2,18,16,14,11,9,9,8,5,1,95,84,74,57,47,47,42,26,5,16,16,15,11,7,4,3,3,1,84,84,79,57,37,21,16,16,5,27,25,18,14,10,8,7,71,66,47,37,26,21,18,14,14,11,9,7,6,5,74,74,57,47,37,32,26,13,11,7,5,3,2,2,68,57,37,26,16,11,11,33,30,23,17,14,8,4,87,79,61,45,37,21,11,17,15,10,8,6,5,2,89,79,53,42,32,26,11,16,15,13,9,8,3,2,84,79,68,47,42,16,11,38,19,19,178,99,79,217,107,110,4.68,5.21,4.16,5.71,5.63,5.79,19,12,7,27,20,17,37,34,22,11,9,4,3,0,0,97,89,57,28,24,11,8,0,0,18,16,9,4,4,2,2,0,0,95,84,47,21,21,11,11,0,0,19,18,13,7,5,2,1,0,0,100,95,68,37,26,11,5,0,0,30,16,9,3,2,1,0,79,42,24,8,5,3,0,14,7,4,1,1,1,0,74,37,21,5,5,5,0,16,9,5,2,1,0,0,84,47,26,11,5,0,0,32,18,7,3,0,0,0,84,47,18,8,0,0,0,16,8,2,2,0,0,0,84,42,11,11,0,0,0,16,10,5,1,0,0,0,84,53,26,5,0,0,0,45,47,42,9.61,10.74,8.47,5.11,5.63,4.58,4.5,5.11,3.89,331,165,166,8.71,8.68,8.74,196,81,115,71,37,34,38,19,19,5.16,4.26,6.05,1.87,1.95,1.79,37,36,33,30,24,9,6,3,24,32,16,2,2,0,9,6,3,24,32,16,6,3,3,16,16,16,3,1,2,8,5,11,38,19,19,61,34,27,1.61,1.79,1.42,30,20,10,0.79,1.05,0.53,31,14,17,0.82,0.74,0.89,30,17,9,79,45,24,50,28,22,1.32,1.47,1.16,13,7,6,34,37,32,11,7,4,14,5,9,10,7,3,26,37,16,15,8,7,21,9,12
Watford FC,2018/2019,38,19,19,0,14,8,6,8,3,5,16,8,8,1.32,1.42,1.21,11,12,9,11,52,59,-7,111,54,57,26,26,28,31,-2,-5,66,66,66,58,61,55,7,4,3,23,12,11,10,4,6,15,7,8,177,91,86,85,44,41,47,46,47,347,169,178,188,102,86,159,67,92,433,221,212,18,7,11,26,14,12,-8,-7,-1,10,4,6,14,7,7,14,8,6,1.16,1,1.32,2.92,2.84,3,1.37,1.37,1.37,1.55,1.47,1.63,1.16,1.11,1.21,0.47,0.37,0.58,0.68,0.74,0.63,36,33,24,10,6,2,18,16,13,4,3,0,18,17,11,6,3,2,2,5,14,28,32,36,1,3,6,15,16,19,1,2,8,13,16,17,95,87,63,26,16,5,95,84,68,21,16,0,95,89,58,32,16,11,5,13,37,74,84,95,5,16,32,79,84,100,5,11,42,68,84,89,28,11,2,14,6,1,14,5,1,74,29,5,74,32,5,74,26,5,37,42,32,3,18,21,16,61,63,58,26,21,32,39,37,42,20,9,11,53,47,58,24,13,11,63,68,58,4,2,2,11,11,11,26,21,32,37,37,37,37,42,32,4.66,4.79,4.53,2.24,2.32,2.16,84,74,68,57,37,37,26,21,1.16,1.2,1.13,1.5,1.4,1.6,100,5,5,4,3,4,4,12,7,8,4,6,3,10,7,5,3,12,9,21,16,26,42,42,42,8,28668,20016,37321,66,58,4,5,4,5,44,19,25,38,19,19,10.19,9.63,10.74,210,92,118,5.53,4.84,6.21,32,28,26,22,14,14,10,8,3,16,14,13,9,4,4,4,3,1,84,74,68,47,21,21,21,16,5,16,14,13,13,10,10,6,5,2,84,74,68,68,53,53,32,26,11,30,23,20,16,8,6,2,79,61,53,42,21,16,5,17,11,10,8,4,3,1,89,57,53,42,21,16,5,13,12,10,8,4,3,1,68,63,53,42,21,16,5,33,29,23,19,14,9,5,87,76,61,50,37,24,13,15,13,9,6,5,3,2,79,68,47,32,26,16,11,18,16,14,13,9,6,3,95,84,74,68,47,32,16,38,19,19,174,88,86,213,95,118,4.58,4.63,4.53,5.61,5,6.21,17,13,8,25,17,13,37,33,29,20,13,5,1,0,0,97,87,76,53,34,13,3,0,0,18,16,15,10,7,4,1,0,0,95,84,79,53,37,21,5,0,0,19,17,14,10,6,1,0,0,0,100,89,74,53,32,5,0,0,0,34,25,13,9,4,0,0,89,66,34,24,11,0,0,16,12,8,5,3,0,0,84,63,42,26,16,0,0,18,13,5,4,1,0,0,95,68,26,21,5,0,0,31,18,4,0,0,0,0,82,47,11,0,0,0,0,15,11,1,0,0,0,0,79,57,5,0,0,0,0,16,7,3,0,0,0,0,84,37,16,0,0,0,0,39,37,42,9.13,8.89,9.37,4.95,5.37,4.53,4.18,3.53,4.84,433,221,212,11.39,11.63,11.16,204,105,99,89,41,48,38,19,19,5.37,5.53,5.21,2.34,2.16,2.53,38,38,35,29,22,9,5,4,24,26,21,0,0,0,9,5,4,24,26,21,6,2,4,16,11,21,8,5,3,21,26,16,38,19,19,67,33,34,1.76,1.74,1.79,34,19,15,0.89,1,0.79,33,14,19,0.87,0.74,1,32,20,11,84,53,28,57,33,24,1.5,1.74,1.26,15,9,6,39,47,32,12,6,6,11,4,7,12,7,5,32,37,26,17,9,8,15,5,10
Newcastle United FC,2018/2019,38,19,19,0,12,8,4,9,1,8,17,10,7,1.18,1.32,1.05,13,13,13,13,42,48,-6,90,49,41,24,18,25,23,-1,-5,81,71,95,71,68,74,11,5,6,18,9,9,13,6,7,16,6,10,181,112,69,61,27,34,40,44,36,366,213,153,178,98,80,188,115,73,423,203,220,23,10,13,20,12,8,3,-2,5,11,4,7,17,8,9,10,7,3,1.32,1.05,1.58,2.37,2.58,2.16,1.11,1.26,0.95,1.26,1.32,1.21,1.13,1.16,1.11,0.61,0.53,0.68,0.53,0.63,0.42,34,28,18,7,3,0,18,15,11,3,2,0,16,13,7,4,1,0,4,10,20,31,35,38,1,4,8,16,17,19,3,6,12,15,18,19,89,74,47,18,8,0,95,79,58,16,11,0,84,68,37,21,5,0,11,26,53,82,92,100,5,21,42,84,89,100,16,32,63,79,95,100,25,14,4,12,7,3,13,7,1,66,37,11,63,37,16,68,37,5,32,42,21,5,29,26,32,47,47,47,34,32,37,42,32,53,22,10,12,58,53,63,21,12,9,55,63,47,8,4,4,21,21,21,29,21,37,45,42,47,26,37,16,4.76,5.89,3.63,1.61,1.42,1.79,87,84,79,66,50,42,32,26,1.1,1.27,0.93,1.42,1.21,1.64,66,5,5,7,5,2,4,5,1,8,5,6,4,3,5,4,3,6,12,24,5,42,45,53,37,16,44080,51121,37039,81,71,3,4,3,4,50,20,30,38,19,19,10.84,11.15,10.52,231,100,131,6.08,5.26,6.89,33,32,30,25,19,16,12,10,6,16,16,15,13,10,9,7,6,4,84,84,79,68,53,47,37,32,21,17,16,15,12,9,7,5,4,2,89,84,79,63,47,37,26,21,11,28,25,20,14,9,6,4,74,66,53,37,24,16,11,16,15,11,10,9,6,4,84,79,57,53,47,32,21,12,10,9,4,0,0,0,63,53,47,21,0,0,0,31,28,25,20,16,13,11,82,74,66,53,42,34,28,14,12,10,8,7,6,5,74,63,53,42,37,32,26,17,16,15,12,9,7,6,89,84,79,63,47,37,32,38,19,19,202,98,104,210,114,96,5.32,5.16,5.47,5.53,6,5.05,24,21,11,24,16,12,34,29,22,17,10,5,2,0,0,89,76,57,45,26,13,5,0,0,17,16,13,9,4,3,1,0,0,89,84,68,47,21,16,5,0,0,17,13,9,8,6,2,1,0,0,89,68,47,42,32,11,5,0,0,29,17,10,4,1,0,0,76,45,26,11,3,0,0,14,8,4,1,0,0,0,74,42,21,5,0,0,0,15,9,6,3,1,0,0,79,47,32,16,5,0,0,30,19,7,2,2,0,0,79,50,18,5,5,0,0,17,12,5,2,2,0,0,89,63,26,11,11,0,0,13,7,2,0,0,0,0,68,37,11,0,0,0,0,42,32,53,9.63,11.21,8.05,4.68,5.16,4.21,4.95,6.05,3.84,423,203,220,11.13,10.68,11.58,122,62,60,59,30,29,38,19,19,3.21,3.26,3.16,1.55,1.58,1.53,36,31,20,16,9,5,3,2,13,16,11,1,1,0,5,4,1,13,21,5,5,0,5,13,0,26,8,5,3,21,26,16,38,19,19,47,27,20,1.24,1.42,1.05,19,14,5,0.5,0.74,0.26,28,13,15,0.74,0.68,0.79,26,15,6,68,39,16,36,22,14,0.95,1.16,0.74,7,5,2,18,26,11,15,7,8,16,7,9,6,4,2,16,21,11,19,10,9,25,10,15
Cardiff City FC,2018/2019,38,19,19,0,10,6,4,4,2,2,24,11,13,0.89,1.05,0.74,18,19,17,18,34,69,-35,103,59,44,21,13,38,31,-17,-18,101,81,132,49,45,55,10,5,5,15,9,6,17,7,10,9,4,5,168,95,73,68,33,35,35,36,34,342,189,153,162,85,77,180,104,76,374,195,179,11,8,3,30,18,12,-19,-10,-9,4,2,2,18,10,8,16,7,9,0.79,0.84,0.74,2.71,3.11,2.32,0.89,1.11,0.68,1.82,2,1.63,1.08,1.37,0.79,0.29,0.42,0.16,0.79,0.95,0.63,34,28,19,10,9,3,17,15,12,6,6,3,17,13,7,4,3,0,4,10,19,28,29,35,2,4,7,13,13,16,2,6,12,15,16,19,89,74,50,26,24,8,89,79,63,32,32,16,89,68,37,21,16,0,11,26,50,74,76,92,11,21,37,68,68,84,11,32,63,79,84,100,23,10,6,12,7,5,11,3,1,61,26,16,63,37,26,58,16,5,26,32,21,8,26,26,26,39,47,32,45,37,53,24,21,26,19,9,10,50,47,53,28,12,16,74,63,84,6,5,1,16,26,5,11,11,11,47,53,42,42,37,47,4.42,5,3.84,1.79,1.74,1.84,92,89,79,71,61,53,42,26,1.07,1.15,1,1.63,1.43,1.83,66,2,3,3,2,4,3,4,4,9,6,8,5,6,6,7,12,3,16,11,11,11,63,58,68,16,34599,31408,37790,101,49,4,2,5,4,30,16,14,38,19,19,11.53,11.11,11.95,270,116,154,7.11,6.11,8.11,35,34,30,27,23,20,16,10,6,17,16,14,13,11,10,7,4,3,89,84,74,68,57,53,37,21,16,18,18,16,14,12,10,9,6,3,95,95,84,74,63,53,47,32,16,30,24,14,11,9,4,3,79,63,37,28,24,11,8,17,13,10,7,5,2,2,89,68,53,37,26,11,11,13,11,4,4,4,2,1,68,57,21,21,21,11,5,36,34,31,25,23,14,11,95,89,82,66,61,37,28,17,15,13,10,9,5,5,89,79,68,53,47,26,26,19,19,18,15,14,9,6,100,100,95,79,74,47,32,38,19,19,203,100,103,235,111,124,5.34,5.26,5.42,6.18,5.84,6.53,27,20,12,26,23,18,33,30,26,15,10,8,1,0,0,87,79,68,39,26,21,3,0,0,18,17,15,10,5,3,1,0,0,95,89,79,53,26,16,5,0,0,15,13,11,5,5,5,0,0,0,79,68,57,26,26,26,0,0,0,33,22,12,1,0,0,0,87,57,32,3,0,0,0,18,11,4,0,0,0,0,95,57,21,0,0,0,0,15,11,8,1,0,0,0,79,57,42,5,0,0,0,26,17,10,2,0,0,0,68,45,26,5,0,0,0,17,11,6,2,0,0,0,89,57,32,11,0,0,0,9,6,4,0,0,0,0,47,32,21,0,0,0,0,24,21,26,9,9.95,8.05,4.26,4.47,4.05,4.74,5.47,4,374,195,179,9.84,10.26,9.42,113,67,46,77,48,29,38,19,19,2.97,3.53,2.42,2.03,2.53,1.53,35,30,23,11,5,8,6,2,21,32,11,2,2,0,4,3,1,11,16,5,0,0,0,0,0,0,11,6,5,28,32,26,38,19,19,62,33,29,1.63,1.74,1.53,23,13,10,0.61,0.68,0.53,39,20,19,1.03,1.05,1,30,18,9,79,47,24,40,22,18,1.05,1.16,0.95,10,6,4,26,32,21,10,4,6,18,9,9,10,5,5,26,26,26,17,9,8,19,8,11
Fulham FC,2018/2019,38,19,19,0,7,6,1,5,3,2,26,10,16,0.68,1.11,0.26,19,17,20,19,34,81,-47,115,58,57,22,12,36,45,-14,-33,101,78,143,42,48,38,5,3,2,19,10,9,15,6,9,12,7,5,161,102,59,72,36,36,49,49,49,376,223,153,181,101,80,195,122,73,423,199,224,15,9,6,41,20,21,-26,-11,-15,5,4,1,11,5,6,22,10,12,0.68,0.89,0.47,3.03,3.05,3,0.89,1.16,0.63,2.13,1.89,2.37,1.47,1.53,1.42,0.39,0.47,0.32,1.08,1.05,1.11,37,32,21,13,8,4,19,17,10,5,4,3,18,15,11,8,4,1,1,6,17,25,30,34,0,2,9,14,15,16,1,4,8,11,15,18,97,84,55,34,21,11,100,89,53,26,21,16,95,79,58,42,21,5,3,16,45,66,79,89,0,11,47,74,79,84,5,21,42,58,79,95,30,16,7,15,9,3,15,7,4,79,42,18,79,47,16,79,37,21,18,32,5,21,13,16,11,50,53,47,39,32,47,32,37,26,11,6,5,29,32,26,27,13,14,71,68,74,8,4,4,21,21,21,13,21,5,29,26,32,58,53,63,4.24,5.37,3.11,1.89,1.89,1.89,92,84,74,63,39,24,18,11,1.14,1.32,0.97,1.7,1.6,1.79,74,3,2,1,5,6,4,5,6,2,7,11,15,3,7,5,8,10,15,13,16,11,68,53,84,8,31383,24371,38395,101,42,4,2,5,4,26,17,9,38,19,19,10.19,10.37,10,226,95,131,5.95,5,6.89,35,32,28,24,15,9,7,4,3,17,15,15,13,7,4,4,3,3,89,79,79,68,37,21,21,16,16,18,17,13,11,8,5,3,1,0,95,89,68,57,42,26,16,5,0,27,24,17,11,7,4,3,71,63,45,28,18,11,8,15,15,13,8,6,4,3,79,79,68,42,32,21,16,12,9,4,3,1,0,0,63,47,21,16,5,0,0,34,30,24,18,14,11,8,89,79,63,47,37,28,21,16,13,9,5,5,5,3,84,68,47,26,26,26,16,18,17,15,13,9,6,5,95,89,79,68,47,32,26,38,19,19,191,96,95,196,101,95,5.03,5.05,5,5.16,5.32,5,17,14,12,21,15,10,34,31,26,13,9,2,0,0,0,89,82,68,34,24,5,0,0,0,17,16,14,6,5,0,0,0,0,89,84,74,32,26,0,0,0,0,17,15,12,7,4,2,0,0,0,89,79,63,37,21,11,0,0,0,34,27,10,1,0,0,0,89,71,26,3,0,0,0,17,15,3,1,0,0,0,89,79,16,5,0,0,0,17,12,7,0,0,0,0,89,63,37,0,0,0,0,27,10,6,0,0,0,0,71,26,16,0,0,0,0,14,5,3,0,0,0,0,74,26,16,0,0,0,0,13,5,3,0,0,0,0,68,26,16,0,0,0,0,32,37,26,9.89,11.74,8.05,4.76,5.32,4.21,5.13,6.42,3.84,423,199,224,11.13,10.47,11.79,169,88,81,90,51,39,38,19,19,4.45,4.63,4.26,2.37,2.68,2.05,37,34,24,24,20,3,2,1,8,11,5,1,1,0,3,3,0,8,16,0,4,3,1,11,16,5,12,4,8,32,21,42,38,19,19,59,29,30,1.55,1.53,1.58,19,13,6,0.5,0.68,0.32,40,16,24,1.05,0.84,1.26,31,17,8,82,45,21,32,24,8,0.84,1.26,0.42,7,6,1,18,32,5,11,6,5,20,7,13,8,3,5,21,16,26,14,9,5,23,10,13
Brighton & Hove Albion FC,2018/2019,38,19,19,0,9,6,3,9,5,4,20,8,12,0.95,1.21,0.68,17,16,18,17,35,60,-25,95,47,48,19,16,28,32,-9,-16,98,90,107,57,61,54,7,5,2,20,10,10,13,5,8,13,8,5,156,90,66,68,34,34,42,44,40,320,175,145,143,71,72,177,104,73,463,221,242,17,10,7,26,12,14,-9,-2,-7,7,4,3,13,7,6,18,8,10,0.89,1,0.79,2.5,2.47,2.53,0.92,1,0.84,1.58,1.47,1.68,1.13,1.16,1.11,0.45,0.53,0.37,0.68,0.63,0.74,36,26,18,10,4,1,18,12,8,6,3,0,18,14,10,4,1,1,2,12,20,28,34,37,1,7,11,13,16,19,1,5,9,15,18,18,95,68,47,26,11,3,95,63,42,32,16,0,95,74,53,21,5,5,5,32,53,74,89,97,5,37,58,68,84,100,5,26,47,79,95,95,29,10,3,13,5,3,16,5,0,76,26,8,68,26,16,84,26,0,24,32,16,8,18,26,11,53,53,53,34,26,42,34,42,26,15,9,6,39,47,32,26,13,13,68,68,68,6,3,3,16,16,16,18,21,16,34,37,32,47,42,53,4.11,4.74,3.47,1.79,1.79,1.79,87,82,66,50,45,26,13,5,0.9,0.98,0.82,1.58,1.32,1.84,63,2,3,6,3,4,3,6,5,3,4,2,9,8,8,5,9,9,6,24,26,21,53,42,63,5,34263,30435,38092,98,57,3,2,5,4,34,19,15,38,19,19,9.79,9.32,10.26,216,87,129,5.68,4.58,6.79,33,31,25,19,17,10,5,2,2,17,15,12,8,8,4,1,0,0,89,79,63,42,42,21,5,0,0,16,16,13,11,9,6,4,2,2,84,84,68,57,47,32,21,11,11,27,23,17,11,6,2,1,71,61,45,28,16,5,3,15,14,10,8,4,1,1,79,74,53,42,21,5,5,12,9,7,3,2,1,0,63,47,37,16,11,5,0,29,27,23,20,14,11,8,76,71,61,53,37,28,21,14,12,10,7,5,3,3,74,63,53,37,26,16,16,15,15,13,13,9,8,5,79,79,68,68,47,42,26,38,19,19,180,81,99,192,96,96,4.74,4.26,5.21,5.05,5.05,5.05,20,14,7,18,13,11,35,29,22,16,11,6,3,0,0,92,76,57,42,28,16,8,0,0,17,15,12,8,6,4,2,0,0,89,79,63,42,32,21,11,0,0,18,14,10,8,5,2,1,0,0,95,74,53,42,26,11,5,0,0,31,22,11,3,1,0,0,82,57,28,8,3,0,0,15,11,6,2,0,0,0,79,57,32,11,0,0,0,16,11,5,1,1,0,0,84,57,26,5,5,0,0,28,18,6,2,1,0,0,74,47,16,5,3,0,0,15,10,5,1,0,0,0,79,53,26,5,0,0,0,13,8,1,1,1,0,0,68,42,5,5,5,0,0,34,42,26,8.42,9.21,7.63,3.76,3.74,3.79,4.66,5.47,3.84,463,221,242,12.18,11.63,12.74,127,66,61,90,50,40,38,19,19,3.34,3.47,3.21,2.37,2.63,2.11,36,32,23,16,10,2,0,2,5,0,11,0,0,0,4,2,2,11,11,11,7,4,3,18,21,16,9,4,5,24,21,26,38,19,19,52,25,27,1.37,1.32,1.42,18,9,9,0.47,0.47,0.47,34,16,18,0.89,0.84,0.95,31,12,6,82,32,16,41,22,19,1.08,1.16,1,10,6,4,26,32,21,11,4,7,17,9,8,7,3,4,18,16,21,15,8,7,23,11,12
Huddersfield Town FC,2018/2019,38,19,19,0,3,2,1,7,3,4,28,14,14,0.42,0.47,0.37,20,20,19,20,22,76,-54,98,41,57,10,12,31,45,-21,-33,155,170,143,45,55,38,5,3,2,16,8,8,19,9,10,8,5,3,162,85,77,63,33,30,47,49,46,324,169,155,154,77,77,170,92,78,420,214,206,11,4,7,38,18,20,-27,-14,-13,4,2,2,13,5,8,21,12,9,0.66,0.58,0.74,2.58,2.16,3,0.58,0.53,0.63,2,1.63,2.37,1.29,1.16,1.42,0.29,0.21,0.37,1,0.95,1.05,36,27,17,9,5,2,18,12,8,2,1,0,18,15,9,7,4,2,2,11,21,29,33,36,1,7,11,17,18,19,1,4,10,12,15,17,95,71,45,24,13,5,95,63,42,11,5,0,95,79,47,37,21,11,5,29,55,76,87,95,5,37,58,89,95,100,5,21,53,63,79,89,29,15,4,16,6,0,13,9,4,76,39,11,84,32,0,68,47,21,8,11,5,5,13,16,11,42,42,42,50,47,53,21,26,16,12,5,7,32,26,37,28,15,13,74,79,68,7,2,5,18,11,26,11,11,11,34,26,42,55,63,47,4.26,4.47,4.05,1.66,1.74,1.58,79,63,45,39,32,21,16,3,0.94,0.98,0.88,1.48,1.34,1.62,58,4,1,2,3,1,4,2,1,4,6,9,9,7,10,4,7,13,11,18,16,21,74,74,74,0,31211,23203,39219,155,45,1,3,4,6,25,11,14,38,19,19,8.73,8.26,9.21,170,72,98,4.47,3.79,5.16,30,24,17,15,12,8,6,1,0,14,11,8,7,5,2,2,1,0,74,57,42,37,26,11,11,5,0,16,13,9,8,7,6,4,0,0,84,68,47,42,37,32,21,0,0,28,17,16,9,8,7,3,74,45,42,24,21,18,8,14,10,10,5,4,3,1,74,53,53,26,21,16,5,14,7,6,4,4,4,2,74,37,32,21,21,21,11,31,26,16,9,6,3,3,82,68,42,24,16,8,8,13,12,8,4,2,0,0,68,63,42,21,11,0,0,18,14,8,5,4,3,3,95,74,42,26,21,16,16,38,19,19,163,78,85,169,79,90,4.29,4.11,4.47,4.45,4.16,4.74,16,11,5,19,13,7,35,34,27,19,7,5,3,0,0,92,89,71,50,18,13,8,0,0,19,19,15,10,4,2,2,0,0,100,100,79,53,21,11,11,0,0,16,15,12,9,3,3,1,0,0,84,79,63,47,16,16,5,0,0,34,23,5,1,0,0,0,89,61,13,3,0,0,0,18,12,3,0,0,0,0,95,63,16,0,0,0,0,16,11,2,1,0,0,0,84,57,11,5,0,0,0,31,22,8,4,3,2,0,82,57,21,11,8,5,0,18,12,3,2,2,2,0,95,63,16,11,11,11,0,13,10,5,2,1,0,0,68,53,26,11,5,0,0,21,26,16,8.53,8.89,8.16,4.05,4.05,4.05,4.47,4.84,4.11,420,214,206,11.05,11.26,10.84,138,75,63,63,38,25,38,19,19,3.63,3.95,3.32,1.66,2,1.32,36,32,25,15,12,2,0,2,5,0,11,1,0,1,0,0,0,0,0,0,5,2,3,13,11,16,11,6,5,28,32,26,38,19,19,49,19,30,1.29,1,1.58,11,6,5,0.29,0.32,0.26,38,13,25,1,0.68,1.32,29,13,5,76,34,13,29,17,12,0.76,0.89,0.63,6,3,3,16,16,16,11,8,3,21,8,13,5,3,2,13,16,11,15,9,6,27,13,14
Wolverhampton Wanderers FC,2018/2019,38,19,19,0,16,10,6,9,4,5,13,5,8,1.5,1.79,1.21,7,8,10,7,47,46,1,93,49,44,28,19,21,25,7,-6,73,61,90,74,81,68,9,7,2,19,8,11,11,5,6,17,9,8,195,109,86,74,33,41,47,46,47,397,219,178,188,105,83,209,114,95,409,198,211,17,10,7,22,9,13,-5,1,-6,8,4,4,17,10,7,13,5,8,1.08,1.16,1,2.45,2.58,2.32,1.24,1.47,1,1.21,1.11,1.32,1.03,1,1.05,0.45,0.53,0.37,0.58,0.47,0.68,37,31,14,7,2,1,18,16,7,4,2,1,19,15,7,3,0,0,1,7,24,31,36,37,1,3,12,15,17,18,0,4,12,16,19,19,97,82,37,18,5,3,95,84,37,21,11,5,100,79,37,16,0,0,3,18,63,82,95,97,5,16,63,79,89,95,0,21,63,84,100,100,24,12,3,11,7,1,13,5,2,63,32,8,58,37,5,68,26,11,42,53,32,14,24,37,11,50,42,58,29,26,32,45,47,42,21,12,9,55,63,47,26,13,13,68,68,68,5,2,3,13,11,16,21,21,21,45,53,37,34,26,42,5.13,5.74,4.53,1.95,1.74,2.16,82,82,66,55,42,37,37,18,1.36,1.46,1.25,1.32,1.28,1.35,58,2,7,3,1,4,5,6,8,11,4,8,8,1,4,2,5,7,7,24,21,26,34,26,42,8,34671,31025,38317,73,74,4,3,3,3,41,22,19,38,19,19,10.13,10.48,9.79,190,90,100,5,4.74,5.26,31,31,25,21,16,14,14,7,3,16,16,12,11,8,7,7,6,2,84,84,63,57,42,37,37,32,11,15,15,13,10,8,7,7,1,1,79,79,68,53,42,37,37,5,5,30,25,23,14,12,9,5,79,66,61,37,32,24,13,17,13,13,7,7,5,2,89,68,68,37,37,26,11,13,12,10,7,5,4,3,68,63,53,37,26,21,16,27,24,19,14,10,9,8,71,63,50,37,26,24,21,12,11,11,7,5,5,4,63,57,57,37,26,26,21,15,13,8,7,5,4,4,79,68,42,37,26,21,21,38,19,19,174,85,89,211,114,97,4.58,4.47,4.68,5.55,6,5.11,19,14,5,24,18,11,37,36,33,22,14,6,4,0,0,97,95,87,57,37,16,11,0,0,18,17,17,11,7,3,1,0,0,95,89,89,57,37,16,5,0,0,19,19,16,11,7,3,3,0,0,100,100,84,57,37,16,16,0,0,34,20,11,7,2,0,0,89,53,28,18,5,0,0,16,8,6,3,0,0,0,84,42,32,16,0,0,0,18,12,5,4,2,0,0,95,63,26,21,11,0,0,36,25,16,6,0,0,0,95,66,42,16,0,0,0,18,13,8,3,0,0,0,95,68,42,16,0,0,0,18,12,8,3,0,0,0,95,63,42,16,0,0,0,45,47,42,10.45,11.53,9.37,4.95,5.53,4.37,5.5,6,5,409,198,211,10.76,10.42,11.11,121,63,58,73,37,36,38,19,19,3.18,3.32,3.05,1.92,1.95,1.89,38,30,19,14,7,7,4,3,18,21,16,1,1,0,8,4,4,21,21,21,8,3,5,21,16,26,3,1,2,8,5,11,38,19,19,54,30,24,1.42,1.58,1.26,30,18,12,0.79,0.95,0.63,24,12,12,0.63,0.63,0.63,34,14,4,89,37,11,55,30,25,1.45,1.58,1.32,15,8,7,39,42,37,10,6,4,13,5,8,8,5,3,21,26,16,18,10,8,16,7,9
